Chassis,Country,Team,Year
Alfa Romeo 158,italy,Team Alfa Romeo,1950
Alfa Romeo 159,italy,Team Alfa Romeo,1950
Cooper T12,united kingdom,Cooper Car Company,1950
Ferrari 125,italy,Scuderia Ferrari SpA,1950
Ferrari 166 F2,italy,Scuderia Ferrari SpA,1950
Ferrari 166S,italy,Scuderia Ferrari SpA,1950
Ferrari 166T,italy,Scuderia Ferrari SpA,1950
Ferrari 275,italy,Scuderia Ferrari SpA,1950
Ferrari 375,italy,Scuderia Ferrari SpA,1950
Kurtis Kraft,united states,Kurtis Kraft,1950
Kurtis Kraft 2000,united states,Kurtis Kraft,1950
Kurtis Kraft 3000,united states,Kurtis Kraft,1950
Maserati 4CL,italy,Officine Alfieri Maserati,1950
Maserati 4CLT/48 Sanremo,italy,Officine Alfieri Maserati,1950
Maserati 4CLT/50 Milano,italy,Officine Alfieri Maserati,1950
Talbot-Lago T26C,Unknown,Automobiles Talbot-Darracq SA,1950
Talbot-Lago T26C-DA,Unknown,Automobiles Talbot-Darracq SA,1950
Talbot-Lago T26C-GS,Unknown,Automobiles Talbot-Darracq SA,1950
Watson,Unknown,Watson,1950
Alfa Romeo 159,italy,Team Alfa Romeo,1951
BRM P15 MK1,united kingdom,British Racing Motors,1951
Ferrari 125,italy,Scuderia Ferrari SpA,1951
Ferrari 166 F2,italy,Scuderia Ferrari SpA,1951
Ferrari 212 F1,italy,Scuderia Ferrari SpA,1951
Ferrari 375,italy,Scuderia Ferrari SpA,1951
HWM,Unknown,Hersham & Walton Motors,1951
Kurtis Kraft,united states,Kurtis Kraft,1951
Kurtis Kraft 2000,united states,Kurtis Kraft,1951
Kurtis Kraft 3000,united states,Kurtis Kraft,1951
Kuzma,united states,Kuzma,1951
Maserati 4CL,italy,Officine Alfieri Maserati,1951
Pawl,united states,Pawl,1951
Talbot-Lago T26C,Unknown,Automobiles Talbot-Darracq SA,1951
Talbot-Lago T26C-DA,Unknown,Automobiles Talbot-Darracq SA,1951
Talbot-Lago T26C-GS,Unknown,Automobiles Talbot-Darracq SA,1951
Watson,Unknown,Watson,1951
BMW,germany,Bayerische Motoren Werke (BMW),1952
Connaught A,Unknown,Connaught Engineering,1952
Cooper T20,united kingdom,Cooper Car Company,1952
Ferrari 125 F2,italy,Scuderia Ferrari SpA,1952
Ferrari 166 F2,italy,Scuderia Ferrari SpA,1952
Ferrari 212,italy,Scuderia Ferrari SpA,1952
Ferrari 375 Special,italy,Scuderia Ferrari SpA,1952
Ferrari 500,italy,Scuderia Ferrari SpA,1952
Frazer-Nash 421,united kingdom,Scuderia Franera - Frazer Nash,1952
Frazer-Nash FN48,united kingdom,Scuderia Franera - Frazer Nash,1952
Gordini T16,Unknown,Equipe Gordini,1952
HWM,Unknown,Hersham & Walton Motors,1952
Kurtis Kraft,united states,Kurtis Kraft,1952
Kurtis Kraft 2000,united states,Kurtis Kraft,1952
Kurtis Kraft 3000,united states,Kurtis Kraft,1952
Kurtis Kraft 4000,united states,Kurtis Kraft,1952
Kurtis Kraft 500A,united states,Kurtis Kraft,1952
Kuzma,united states,Kuzma,1952
Maserati A6GCM,italy,Officine Alfieri Maserati,1952
Pawl,united states,Pawl,1952
Watson,Unknown,Watson,1952
BMW,germany,Bayerische Motoren Werke (BMW),1953
Connaught A,Unknown,Connaught Engineering,1953
Cooper T20,united kingdom,Cooper Car Company,1953
Cooper T23,united kingdom,Cooper Car Company,1953
Cooper T24,united kingdom,Cooper Car Company,1953
Ferrari 166C,italy,Scuderia Ferrari SpA,1953
Ferrari 500,italy,Scuderia Ferrari SpA,1953
Ferrari 553,italy,Scuderia Ferrari SpA,1953
Gordini T16,Unknown,Equipe Gordini,1953
HWM,Unknown,Hersham & Walton Motors,1953
Kurtis Kraft,united states,Kurtis Kraft,1953
Kurtis Kraft 2000,united states,Kurtis Kraft,1953
Kurtis Kraft 3000,united states,Kurtis Kraft,1953
Kurtis Kraft 4000,united states,Kurtis Kraft,1953
Kurtis Kraft 500A,united states,Kurtis Kraft,1953
Kurtis Kraft 500B,united states,Kurtis Kraft,1953
Kuzma,united states,Kuzma,1953
Maserati A6GCM,italy,Officine Alfieri Maserati,1953
Maserati A6SSG,italy,Officine Alfieri Maserati,1953
Pawl,united states,Pawl,1953
Watson,Unknown,Watson,1953
Connaught A,Unknown,Connaught Engineering,1954
Cooper T23,united kingdom,Cooper Car Company,1954
Cooper T24,united kingdom,Cooper Car Company,1954
Ferrari 500,italy,Scuderia Ferrari SpA,1954
Ferrari 553,italy,Scuderia Ferrari SpA,1954
Ferrari 625,italy,Scuderia Ferrari SpA,1954
Gordini T16,Unknown,Equipe Gordini,1954
HWM,Unknown,Hersham & Walton Motors,1954
Kurtis Kraft,united states,Kurtis Kraft,1954
Kurtis Kraft 2000,united states,Kurtis Kraft,1954
Kurtis Kraft 3000,united states,Kurtis Kraft,1954
Kurtis Kraft 4000,united states,Kurtis Kraft,1954
Kurtis Kraft 500A,united states,Kurtis Kraft,1954
Kurtis Kraft 500B,united states,Kurtis Kraft,1954
Kurtis Kraft 500C,united states,Kurtis Kraft,1954
Kuzma,united states,Kuzma,1954
Lancia D50,Unknown,Scuderia Lancia,1954
Maserati 250F,italy,Officine Alfieri Maserati,1954
Maserati A6GCM,italy,Officine Alfieri Maserati,1954
Mercedes W196,germany,Mercedes Benz,1954
Pawl,united states,Pawl,1954
Vanwall Special,Unknown,Vanwall (Vandervell Products Ltd),1954
Watson,Unknown,Watson,1954
Connaught B,Unknown,Connaught Engineering,1955
Cooper T23,united kingdom,Cooper Car Company,1955
Cooper T40,united kingdom,Cooper Car Company,1955
Epperly,united states,Epperly,1955
Ferrari 500,italy,Scuderia Ferrari SpA,1955
Ferrari 555,italy,Scuderia Ferrari SpA,1955
Ferrari 625,italy,Scuderia Ferrari SpA,1955
Ferrari D50,italy,Scuderia Ferrari SpA,1955
Gordini T16,Unknown,Equipe Gordini,1955
Gordini T32,Unknown,Equipe Gordini,1955
HWM,Unknown,Hersham & Walton Motors,1955
Kurtis Kraft,united states,Kurtis Kraft,1955
Kurtis Kraft 2000,united states,Kurtis Kraft,1955
Kurtis Kraft 3000,united states,Kurtis Kraft,1955
Kurtis Kraft 4000,united states,Kurtis Kraft,1955
Kurtis Kraft 500A,united states,Kurtis Kraft,1955
Kurtis Kraft 500B,united states,Kurtis Kraft,1955
Kurtis Kraft 500C,united states,Kurtis Kraft,1955
Kurtis Kraft 500D,united states,Kurtis Kraft,1955
Kuzma,united states,Kuzma,1955
Lancia D50,Unknown,Scuderia Lancia,1955
Maserati 250F,italy,Officine Alfieri Maserati,1955
Maserati A6GCM,italy,Officine Alfieri Maserati,1955
Mercedes W196,germany,Mercedes Benz,1955
Pawl,united states,Pawl,1955
Watson,Unknown,Watson,1955
BRM P25,united kingdom,British Racing Motors,1956
Bugatti T251,Unknown,Automobiles Bugatti,1956
Connaught B,Unknown,Connaught Engineering,1956
Cooper T23,united kingdom,Cooper Car Company,1956
Epperly,united states,Epperly,1956
Ferrari 500,italy,Scuderia Ferrari SpA,1956
Ferrari 555,italy,Scuderia Ferrari SpA,1956
Ferrari D50,italy,Scuderia Ferrari SpA,1956
Gordini T16,Unknown,Equipe Gordini,1956
Gordini T32,Unknown,Equipe Gordini,1956
Kurtis Kraft,united states,Kurtis Kraft,1956
Kurtis Kraft 4000,united states,Kurtis Kraft,1956
Kurtis Kraft 500A,united states,Kurtis Kraft,1956
Kurtis Kraft 500B,united states,Kurtis Kraft,1956
Kurtis Kraft 500C,united states,Kurtis Kraft,1956
Kurtis Kraft 500D,united states,Kurtis Kraft,1956
Kurtis Kraft 500E,united states,Kurtis Kraft,1956
Kuzma,united states,Kuzma,1956
Maserati 250F,italy,Officine Alfieri Maserati,1956
Maserati A6GCM,italy,Officine Alfieri Maserati,1956
Vanwall W1,Unknown,Vanwall (Vandervell Products Ltd),1956
Watson,Unknown,Watson,1956
BRM P25,united kingdom,British Racing Motors,1957
Connaught B,Unknown,Connaught Engineering,1957
Cooper T41,united kingdom,Cooper Car Company,1957
Cooper T43,united kingdom,Cooper Car Company,1957
Cooper T44,united kingdom,Cooper Car Company,1957
Epperly,united states,Epperly,1957
Ferrari 500,italy,Scuderia Ferrari SpA,1957
Ferrari 801,italy,Scuderia Ferrari SpA,1957
Ferrari D50,italy,Scuderia Ferrari SpA,1957
Kurtis Kraft,united states,Kurtis Kraft,1957
Kurtis Kraft 500B,united states,Kurtis Kraft,1957
Kurtis Kraft 500C,united states,Kurtis Kraft,1957
Kurtis Kraft 500D,united states,Kurtis Kraft,1957
Kurtis Kraft 500G,united states,Kurtis Kraft,1957
Kuzma,united states,Kuzma,1957
Maserati 250F,italy,Officine Alfieri Maserati,1957
Porsche 550RS,germany,Porsche System Engineering,1957
Vanwall VW7,Unknown,Vanwall (Vandervell Products Ltd),1957
Watson,Unknown,Watson,1957
BRM P25,united kingdom,British Racing Motors,1958
Connaught B,Unknown,Connaught Engineering,1958
Cooper T43,united kingdom,Cooper Car Company,1958
Cooper T45,united kingdom,Cooper Car Company,1958
Epperly,united states,Epperly,1958
Ferrari 246 F1,italy,Scuderia Ferrari SpA,1958
Kurtis Kraft,united states,Kurtis Kraft,1958
Kurtis Kraft 500C,united states,Kurtis Kraft,1958
Kurtis Kraft 500D,united states,Kurtis Kraft,1958
Kurtis Kraft 500G,united states,Kurtis Kraft,1958
Kurtis Kraft 500G2,united states,Kurtis Kraft,1958
Kuzma,united states,Kuzma,1958
Lotus Mk12,united kingdom,Team Lotus,1958
Lotus Mk16,united kingdom,Team Lotus,1958
Maserati 250F,italy,Officine Alfieri Maserati,1958
Porsche 550RS,germany,Porsche System Engineering,1958
Porsche RSK,germany,Porsche System Engineering,1958
Watson,Unknown,Watson,1958
Aston Martin DBR4/250,united kingdom,Aston Martin,1959
BRM P25,united kingdom,British Racing Motors,1959
Connaught C,Unknown,Connaught Engineering,1959
Cooper T43,united kingdom,Cooper Car Company,1959
Cooper T45,united kingdom,Cooper Car Company,1959
Cooper T51,united kingdom,Cooper Car Company,1959
Epperly,united states,Epperly,1959
Ferrari 246,italy,Scuderia Ferrari SpA,1959
Ferrari 256- Fry,italy,Scuderia Ferrari SpA,1959
Kurtis Kraft,united states,Kurtis Kraft,1959
Kurtis Kraft 500C,united states,Kurtis Kraft,1959
Kurtis Kraft 500G,united states,Kurtis Kraft,1959
Kurtis Kraft Midget,united states,Kurtis Kraft,1959
Kuzma,united states,Kuzma,1959
Lotus Mk12,united kingdom,Team Lotus,1959
Lotus Mk16,united kingdom,Team Lotus,1959
Maserati 250F,italy,Officine Alfieri Maserati,1959
Porsche 718,germany,Porsche System Engineering,1959
Porsche RSK,germany,Porsche System Engineering,1959
Watson,Unknown,Watson,1959
Aston Martin DBR4/250,united kingdom,Aston Martin,1960
Aston Martin DBR5/250,united kingdom,Aston Martin,1960
BRM P25,united kingdom,British Racing Motors,1960
BRM P48,united kingdom,British Racing Motors,1960
Cooper T43,united kingdom,Cooper Car Company,1960
Cooper T45,united kingdom,Cooper Car Company,1960
Cooper T51,united kingdom,Cooper Car Company,1960
Cooper T53,united kingdom,Cooper Car Company,1960
Epperly,united states,Epperly,1960
Ferrari 246,italy,Scuderia Ferrari SpA,1960
Ferrari 246P,italy,Scuderia Ferrari SpA,1960
Ferrari 256,italy,Scuderia Ferrari SpA,1960
Kurtis Kraft,united states,Kurtis Kraft,1960
Kurtis Kraft 500C,united states,Kurtis Kraft,1960
Kurtis Kraft 500G,united states,Kurtis Kraft,1960
Kuzma,united states,Kuzma,1960
Lotus Mk16,united kingdom,Team Lotus,1960
Lotus Mk18,united kingdom,Team Lotus,1960
Maserati 250F,italy,Officine Alfieri Maserati,1960
Porsche 718,germany,Porsche System Engineering,1960
Scarab,united states,Scarab,1960
Watson,Unknown,Watson,1960
BRM P48/57,united kingdom,British Racing Motors,1961
Cooper T45,united kingdom,Cooper Car Company,1961
Cooper T51,united kingdom,Cooper Car Company,1961
Cooper T53,united kingdom,Cooper Car Company,1961
Cooper T55,united kingdom,Cooper Car Company,1961
Cooper T58,united kingdom,Cooper Car Company,1961
De Tomaso F1,italy,Scuderia de Tomaso,1961
Ferguson P99,Unknown,Ferguson,1961
Ferrari Dino 156,italy,Scuderia Ferrari SpA,1961
Gilby,Unknown,Gilby Engineering Ltd,1961
Lotus 21,united kingdom,Team Lotus,1961
Lotus Mk18,united kingdom,Team Lotus,1961
Lotus Mk18/21,united kingdom,Team Lotus,1961
Porsche 718,germany,Porsche System Engineering,1961
Porsche 787,germany,Porsche System Engineering,1961
BRM P48/57,united kingdom,British Racing Motors,1962
BRM P57,united kingdom,British Racing Motors,1962
Brabham BT3,united kingdom,Brabham Motor Racing Developments,1962
Brabham BT4,united kingdom,Brabham Motor Racing Developments,1962
Cooper T51,united kingdom,Cooper Car Company,1962
Cooper T53,united kingdom,Cooper Car Company,1962
Cooper T55,united kingdom,Cooper Car Company,1962
Cooper T60,united kingdom,Cooper Car Company,1962
De Tomaso 801,italy,Scuderia de Tomaso,1962
De Tomaso F1,italy,Scuderia de Tomaso,1962
Ferrari 156,italy,Scuderia Ferrari SpA,1962
Gilby,Unknown,Gilby Engineering Ltd,1962
Lola Mk4,united kingdom,Beatrice Lola,1962
Lotus 21,united kingdom,Team Lotus,1962
Lotus 24,united kingdom,Team Lotus,1962
Lotus 25 Coventry Climax,united kingdom,Team Lotus,1962
Lotus Mk18,united kingdom,Team Lotus,1962
Lotus Mk18/21,united kingdom,Team Lotus,1962
Porsche 718,germany,Porsche System Engineering,1962
Porsche 787,germany,Porsche System Engineering,1962
Porsche 804 F1,germany,Porsche System Engineering,1962
A.T.S. 100,italy,ATS Racing Team,1963
BRM P57,united kingdom,British Racing Motors,1963
BRM P61,united kingdom,British Racing Motors,1963
BRP 1,Unknown,British Racing Partnership,1963
Brabham BT3,united kingdom,Brabham Motor Racing Developments,1963
Brabham BT5,united kingdom,Brabham Motor Racing Developments,1963
Brabham BT6,united kingdom,Brabham Motor Racing Developments,1963
Brabham BT7,united kingdom,Brabham Motor Racing Developments,1963
Cooper T51,united kingdom,Cooper Car Company,1963
Cooper T53,united kingdom,Cooper Car Company,1963
Cooper T55,united kingdom,Cooper Car Company,1963
Cooper T60,united kingdom,Cooper Car Company,1963
Cooper T66,united kingdom,Cooper Car Company,1963
De Tomaso F1,italy,Scuderia de Tomaso,1963
Ferrari 156 Aero,italy,Scuderia Ferrari SpA,1963
Ferrari 156/63,italy,Scuderia Ferrari SpA,1963
Gilby,Unknown,Gilby Engineering Ltd,1963
Lola Mk4,united kingdom,Beatrice Lola,1963
Lola Mk4A,united kingdom,Beatrice Lola,1963
Lotus 21,united kingdom,Team Lotus,1963
Lotus 22,united kingdom,Team Lotus,1963
Lotus 24,united kingdom,Team Lotus,1963
Lotus 25 Coventry Climax,united kingdom,Team Lotus,1963
Lotus Mk18,united kingdom,Team Lotus,1963
Lotus Mk18/21,united kingdom,Team Lotus,1963
Porsche 718,germany,Porsche System Engineering,1963
A.T.S. Derrington-Francis,Unknown,Derrington-Francis Racing Team,1964
BRM P261,united kingdom,British Racing Motors,1964
BRM P57,united kingdom,British Racing Motors,1964
BRM P67,united kingdom,British Racing Motors,1964
BRP 1,Unknown,British Racing Partnership,1964
BRP 2,Unknown,British Racing Partnership,1964
Brabham BT10,united kingdom,Brabham Motor Racing Developments,1964
Brabham BT11,united kingdom,Brabham Motor Racing Developments,1964
Brabham BT3,united kingdom,Brabham Motor Racing Developments,1964
Brabham BT7,united kingdom,Brabham Motor Racing Developments,1964
Cooper T55,united kingdom,Cooper Car Company,1964
Cooper T60,united kingdom,Cooper Car Company,1964
Cooper T66,united kingdom,Cooper Car Company,1964
Cooper T71/73,united kingdom,Cooper Car Company,1964
Cooper T73,united kingdom,Cooper Car Company,1964
Ferrari 156 Aero,italy,Scuderia Ferrari SpA,1964
Ferrari 158,italy,Scuderia Ferrari SpA,1964
Ferrari 512 F1,italy,Scuderia Ferrari SpA,1964
Honda RA271,japan,Honda Racing F1,1964
Lotus 21,united kingdom,Team Lotus,1964
Lotus 22,united kingdom,Team Lotus,1964
Lotus 24,united kingdom,Team Lotus,1964
Lotus 25 Coventry Climax,united kingdom,Team Lotus,1964
Lotus 33,united kingdom,Team Lotus,1964
Lotus Mk18/21,united kingdom,Team Lotus,1964
Porsche 718,germany,Porsche System Engineering,1964
BRM P261,united kingdom,British Racing Motors,1965
BRM P57,united kingdom,British Racing Motors,1965
Brabham BT10,united kingdom,Brabham Motor Racing Developments,1965
Brabham BT11,united kingdom,Brabham Motor Racing Developments,1965
Brabham BT3,united kingdom,Brabham Motor Racing Developments,1965
Brabham BT7,united kingdom,Brabham Motor Racing Developments,1965
Cooper T55,united kingdom,Cooper Car Company,1965
Cooper T59,united kingdom,Cooper Car Company,1965
Cooper T60,united kingdom,Cooper Car Company,1965
Cooper T71/73,united kingdom,Cooper Car Company,1965
Cooper T73,united kingdom,Cooper Car Company,1965
Cooper T77,united kingdom,Cooper Car Company,1965
Ferrari 158,italy,Scuderia Ferrari SpA,1965
Ferrari 512 F1,italy,Scuderia Ferrari SpA,1965
Honda RA272,japan,Honda Racing F1,1965
Lotus 20,united kingdom,Team Lotus,1965
Lotus 21,united kingdom,Team Lotus,1965
Lotus 22,united kingdom,Team Lotus,1965
Lotus 24,united kingdom,Team Lotus,1965
Lotus 25 Coventry Climax,united kingdom,Team Lotus,1965
Lotus 33,united kingdom,Team Lotus,1965
Lotus Mk18/21,united kingdom,Team Lotus,1965
BRM P261,united kingdom,British Racing Motors,1966
BRM P83,united kingdom,British Racing Motors,1966
Brabham BT11,united kingdom,Brabham Motor Racing Developments,1966
Brabham BT19,united kingdom,Brabham Motor Racing Developments,1966
Brabham BT20,united kingdom,Brabham Motor Racing Developments,1966
Brabham BT22,united kingdom,Brabham Motor Racing Developments,1966
Brabham BT7,united kingdom,Brabham Motor Racing Developments,1966
Cooper T73,united kingdom,Cooper Car Company,1966
Cooper T77,united kingdom,Cooper Car Company,1966
Cooper T81,united kingdom,Cooper Car Company,1966
Eagle Westlake T1G,united kingdom,Eagle Weslake,1966
Ferrari 246 F1-66,italy,Scuderia Ferrari SpA,1966
Ferrari 312,italy,Scuderia Ferrari SpA,1966
Honda RA273,japan,Honda Racing F1,1966
Lotus 25 Coventry Climax,united kingdom,Team Lotus,1966
Lotus 33,united kingdom,Team Lotus,1966
Lotus 43,united kingdom,Team Lotus,1966
Lotus 44,united kingdom,Team Lotus,1966
Matra MS5,france,Equipe Matra,1966
McLaren M2B,united kingdom,McLaren International Ltd,1966
BRM P115,united kingdom,British Racing Motors,1967
BRM P261,united kingdom,British Racing Motors,1967
BRM P83,united kingdom,British Racing Motors,1967
Brabham BT11,united kingdom,Brabham Motor Racing Developments,1967
Brabham BT19,united kingdom,Brabham Motor Racing Developments,1967
Brabham BT20,united kingdom,Brabham Motor Racing Developments,1967
Brabham BT24,united kingdom,Brabham Motor Racing Developments,1967
Cooper T77,united kingdom,Cooper Car Company,1967
Cooper T79,united kingdom,Cooper Car Company,1967
Cooper T81,united kingdom,Cooper Car Company,1967
Cooper T81B,united kingdom,Cooper Car Company,1967
Cooper T82,united kingdom,Cooper Car Company,1967
Cooper T86,united kingdom,Cooper Car Company,1967
Eagle Westlake T1G,united kingdom,Eagle Weslake,1967
Ferrari 312,italy,Scuderia Ferrari SpA,1967
Honda RA273,japan,Honda Racing F1,1967
Honda RA300,japan,Honda Racing F1,1967
Lola T100 F2,united kingdom,Beatrice Lola,1967
Lotus 25 Coventry Climax,united kingdom,Team Lotus,1967
Lotus 33,united kingdom,Team Lotus,1967
Lotus 43,united kingdom,Team Lotus,1967
Lotus 48,united kingdom,Team Lotus,1967
Lotus 49 Cosworth,united kingdom,Team Lotus,1967
Matra MS5,france,Equipe Matra,1967
Matra MS7,france,Equipe Matra,1967
McLaren M4A,united kingdom,McLaren International Ltd,1967
McLaren M4B,united kingdom,McLaren International Ltd,1967
McLaren M5A,united kingdom,McLaren International Ltd,1967
BRM P115,united kingdom,British Racing Motors,1968
BRM P126,united kingdom,British Racing Motors,1968
BRM P133,united kingdom,British Racing Motors,1968
BRM P138,united kingdom,British Racing Motors,1968
Brabham BT11,united kingdom,Brabham Motor Racing Developments,1968
Brabham BT20,united kingdom,Brabham Motor Racing Developments,1968
Brabham BT24,united kingdom,Brabham Motor Racing Developments,1968
Brabham BT26,united kingdom,Brabham Motor Racing Developments,1968
Cooper T76,united kingdom,Cooper Car Company,1968
Cooper T81,united kingdom,Cooper Car Company,1968
Cooper T81B,united kingdom,Cooper Car Company,1968
Cooper T86,united kingdom,Cooper Car Company,1968
Cooper T86B,united kingdom,Cooper Car Company,1968
Eagle Westlake T1G,united kingdom,Eagle Weslake,1968
Ferrari 312,italy,Scuderia Ferrari SpA,1968
Honda RA300,japan,Honda Racing F1,1968
Honda RA301,japan,Honda Racing F1,1968
Honda RA302,japan,Honda Racing F1,1968
Lotus 49 Cosworth,united kingdom,Team Lotus,1968
Lotus 49B,united kingdom,Team Lotus,1968
Matra MS10,france,Equipe Matra,1968
Matra MS11,france,Equipe Matra,1968
Matra MS7,france,Equipe Matra,1968
Matra MS9,france,Equipe Matra,1968
McLaren M5A,united kingdom,McLaren International Ltd,1968
McLaren M7A,united kingdom,McLaren International Ltd,1968
BRM P126,united kingdom,British Racing Motors,1969
BRM P133,united kingdom,British Racing Motors,1969
BRM P138,united kingdom,British Racing Motors,1969
BRM P139,united kingdom,British Racing Motors,1969
Brabham BT20,united kingdom,Brabham Motor Racing Developments,1969
Brabham BT23B,united kingdom,Brabham Motor Racing Developments,1969
Brabham BT23C F2,united kingdom,Brabham Motor Racing Developments,1969
Brabham BT24,united kingdom,Brabham Motor Racing Developments,1969
Brabham BT26,united kingdom,Brabham Motor Racing Developments,1969
Brabham BT26A,united kingdom,Brabham Motor Racing Developments,1969
Brabham BT30 F2,united kingdom,Brabham Motor Racing Developments,1969
Cooper T86B,united kingdom,Cooper Car Company,1969
Eagle Westlake T1G,united kingdom,Eagle Weslake,1969
Ferrari 312 F1 1969,italy,Scuderia Ferrari SpA,1969
Lotus 48B,united kingdom,Team Lotus,1969
Lotus 49 Cosworth,united kingdom,Team Lotus,1969
Lotus 49B,united kingdom,Team Lotus,1969
Lotus 63,united kingdom,Team Lotus,1969
Matra MS10,france,Equipe Matra,1969
Matra MS80,france,Equipe Matra,1969
Matra MS84,france,Equipe Matra,1969
McLaren M7A,united kingdom,McLaren International Ltd,1969
McLaren M7B,united kingdom,McLaren International Ltd,1969
McLaren M7C,united kingdom,McLaren International Ltd,1969
McLaren M9A,united kingdom,McLaren International Ltd,1969
BRM P139,united kingdom,British Racing Motors,1970
BRM P153,united kingdom,British Racing Motors,1970
Brabham BT26,united kingdom,Brabham Motor Racing Developments,1970
Brabham BT26A,united kingdom,Brabham Motor Racing Developments,1970
Brabham BT33 Cosworth,united kingdom,Brabham Motor Racing Developments,1970
De Tomaso 308,italy,Scuderia de Tomaso,1970
Ferrari 312B,italy,Scuderia Ferrari SpA,1970
Lotus 49 Cosworth,united kingdom,Team Lotus,1970
Lotus 49B,united kingdom,Team Lotus,1970
Lotus 49C,united kingdom,Team Lotus,1970
Lotus 72 Ford,united kingdom,Team Lotus,1970
Lotus 72B,united kingdom,Team Lotus,1970
Lotus 72C,united kingdom,Team Lotus,1970
March 701,united kingdom,March Engineering,1970
Matra-Simca MS120,france,Equipe Matra,1970
McLaren M14A,united kingdom,McLaren International Ltd,1970
McLaren M14D,united kingdom,McLaren International Ltd,1970
McLaren M7C,united kingdom,McLaren International Ltd,1970
McLaren M7D,united kingdom,McLaren International Ltd,1970
Surtees TS7,united kingdom,Team Surtees,1970
Tyrrell 001,united kingdom,Tyrrell,1970
BRM P153,united kingdom,British Racing Motors,1971
BRM P160,united kingdom,British Racing Motors,1971
Brabham BT26A,united kingdom,Brabham Motor Racing Developments,1971
Brabham BT33 Cosworth,united kingdom,Brabham Motor Racing Developments,1971
Brabham BT34,united kingdom,Brabham Motor Racing Developments,1971
Ferrari 312B,italy,Scuderia Ferrari SpA,1971
Ferrari 312B2,italy,Scuderia Ferrari SpA,1971
Lotus 56B Pratt & Whitney,united kingdom,Team Lotus,1971
Lotus 69 Special,united kingdom,Team Lotus,1971
Lotus 72C,united kingdom,Team Lotus,1971
Lotus 72D,united kingdom,Team Lotus,1971
March 701,united kingdom,March Engineering,1971
March 711,united kingdom,March Engineering,1971
Matra-Simca MS120,france,Equipe Matra,1971
Matra-Simca MS120B,france,Equipe Matra,1971
McLaren M14A,united kingdom,McLaren International Ltd,1971
McLaren M19A,united kingdom,McLaren International Ltd,1971
McLaren M7C,united kingdom,McLaren International Ltd,1971
Surtees TS7,united kingdom,Team Surtees,1971
Surtees TS9,united kingdom,Team Surtees,1971
Surtees TS9A,united kingdom,Team Surtees,1971
Tyrrell 001,united kingdom,Tyrrell,1971
Tyrrell 002,united kingdom,Tyrrell,1971
Tyrrell 003,united kingdom,Tyrrell,1971
BRM P153,united kingdom,British Racing Motors,1972
BRM P153B,united kingdom,British Racing Motors,1972
BRM P160B,united kingdom,British Racing Motors,1972
BRM P160C,united kingdom,British Racing Motors,1972
BRM P180,united kingdom,British Racing Motors,1972
Brabham BT33 Cosworth,united kingdom,Brabham Motor Racing Developments,1972
Brabham BT34,united kingdom,Brabham Motor Racing Developments,1972
Brabham BT37,united kingdom,Brabham Motor Racing Developments,1972
Brabham BT39,united kingdom,Brabham Motor Racing Developments,1972
Connew PC1,united kingdom,Darnvall Connew Racing Team,1972
Ferrari 312B2,italy,Scuderia Ferrari SpA,1972
Lotus 72D,united kingdom,Team Lotus,1972
March 711,united kingdom,March Engineering,1972
March 721,united kingdom,March Engineering,1972
March 721G,united kingdom,March Engineering,1972
March 721X,united kingdom,March Engineering,1972
Matra-Simca MS120C,france,Equipe Matra,1972
Matra-Simca MS120D,france,Equipe Matra,1972
McLaren M19A,united kingdom,McLaren International Ltd,1972
McLaren M19C,united kingdom,McLaren International Ltd,1972
Politoys PS3,united kingdom,Williams F1,1972
Surtees TS14,united kingdom,Team Surtees,1972
Surtees TS9,united kingdom,Team Surtees,1972
Surtees TS9B,united kingdom,Team Surtees,1972
Tecno PA123,italy,Tecno Racing Team,1972
Tyrrell 002,united kingdom,Tyrrell,1972
Tyrrell 003,united kingdom,Tyrrell,1972
Tyrrell 004,united kingdom,Tyrrell,1972
Tyrrell 005,united kingdom,Tyrrell,1972
Tyrrell 006,united kingdom,Tyrrell,1972
BRM P160C,united kingdom,British Racing Motors,1973
BRM P160D,united kingdom,British Racing Motors,1973
BRM P160E,united kingdom,British Racing Motors,1973
Brabham BT37,united kingdom,Brabham Motor Racing Developments,1973
Brabham BT42,united kingdom,Brabham Motor Racing Developments,1973
Ensign N173,united kingdom,Team Ensign,1973
Ferrari 312B2,italy,Scuderia Ferrari SpA,1973
Ferrari 312B3-73,italy,Scuderia Ferrari SpA,1973
Iso Marlboro IR,united kingdom,Williams F1,1973
Lotus 72D,united kingdom,Team Lotus,1973
Lotus 72E,united kingdom,Team Lotus,1973
March 721G,united kingdom,March Engineering,1973
March 731,united kingdom,March Engineering,1973
McLaren M19A,united kingdom,McLaren International Ltd,1973
McLaren M19C,united kingdom,McLaren International Ltd,1973
McLaren M23,united kingdom,McLaren International Ltd,1973
Shadow DN1,united kingdom,Shadow Racing Team,1973
Surtees TS14A,united kingdom,Team Surtees,1973
Surtees TS9B,united kingdom,Team Surtees,1973
Techno PA123B,italy,Tecno Racing Team,1973
Tecno E731,italy,Tecno Racing Team,1973
Tyrrell 004,united kingdom,Tyrrell,1973
Tyrrell 005,united kingdom,Tyrrell,1973
Tyrrell 006,united kingdom,Tyrrell,1973
Amon AF1,Unknown,Chris Amon Racing,1974
BRM P160E,united kingdom,British Racing Motors,1974
BRM Stanley P201,united kingdom,British Racing Motors,1974
Brabham BT42,united kingdom,Brabham Motor Racing Developments,1974
Brabham BT44,united kingdom,Brabham Motor Racing Developments,1974
Ensign N173,united kingdom,Team Ensign,1974
Ensign N174,united kingdom,Team Ensign,1974
Hesketh 308,united kingdom,Hesketh Racing,1974
Iso Marlboro FW,united kingdom,Williams F1,1974
Lola T370,united kingdom,Embassy Hill Racing,1974
Lotus 72D,united kingdom,Team Lotus,1974
Lotus 72E,united kingdom,Team Lotus,1974
Lotus Ford 76,united kingdom,Team Lotus,1974
Lyncar 006,united kingdom,Lyncar,1974
March 731,united kingdom,March Engineering,1974
March 741,united kingdom,March Engineering,1974
McLaren M23,united kingdom,McLaren International Ltd,1974
Parnelli VPJ04,Unknown,Vel's Parnelli Jones Racing,1974
Penske PC1,Unknown,Penske Cars,1974
Shadow DN1,united kingdom,Shadow Racing Team,1974
Shadow DN3,united kingdom,Shadow Racing Team,1974
Surtees TS16,united kingdom,Team Surtees,1974
Token RJ02 Cosworth,united kingdom,Token Racing,1974
Trojan T103 Ford,Unknown,Trojan-Tauranac Racing,1974
Tyrrell 004,united kingdom,Tyrrell,1974
Tyrrell 005,united kingdom,Tyrrell,1974
Tyrrell 006,united kingdom,Tyrrell,1974
Tyrrell 007,united kingdom,Tyrrell,1974
BRM Stanley P201,united kingdom,British Racing Motors,1975
Brabham BT44B,united kingdom,Brabham Motor Racing Developments,1975
Ensign N174,united kingdom,Team Ensign,1975
Ensign N175,united kingdom,Team Ensign,1975
Ferrari 312T,italy,Scuderia Ferrari SpA,1975
Fittipaldi FD01,brazil,Fittipaldi Automotive,1975
Hesketh 308B,united kingdom,Hesketh Racing,1975
Hesketh 308C,united kingdom,Hesketh Racing,1975
HillGH1,united kingdom,Embassy Hill Racing,1975
Lola T370,united kingdom,Embassy Hill Racing,1975
Lola T371,united kingdom,Embassy Hill Racing,1975
Lotus 72D,united kingdom,Team Lotus,1975
Lotus 72E,united kingdom,Team Lotus,1975
Lyncar 006,united kingdom,Lyncar,1975
Maki F101-02,Unknown,Maki Engineering,1975
March 741,united kingdom,March Engineering,1975
March 751,united kingdom,March Engineering,1975
McLaren M23,united kingdom,McLaren International Ltd,1975
Parnelli VPJ04,Unknown,Vel's Parnelli Jones Racing,1975
Penske PC1,Unknown,Penske Cars,1975
Shadow DN3,united kingdom,Shadow Racing Team,1975
Shadow DN5,united kingdom,Shadow Racing Team,1975
Shadow DN7,united kingdom,Shadow Racing Team,1975
Surtees TS16,united kingdom,Team Surtees,1975
Tyrrell 007,united kingdom,Tyrrell,1975
Williams FW01,united kingdom,Williams F1,1975
Williams FW03,united kingdom,Williams F1,1975
BRM P210B,united kingdom,British Racing Motors,1976
Brabham BT44B,united kingdom,Brabham Motor Racing Developments,1976
Brabham BT45,united kingdom,Brabham Motor Racing Developments,1976
Ensign N174,united kingdom,Team Ensign,1976
Ensign N175,united kingdom,Team Ensign,1976
Ensign N176,united kingdom,Team Ensign,1976
Ferrari 312T,italy,Scuderia Ferrari SpA,1976
Ferrari 312T2,italy,Scuderia Ferrari SpA,1976
Fittipaldi FD04,brazil,Fittipaldi Automotive,1976
Hesketh 308D,united kingdom,Hesketh Racing,1976
Kojima KE007,Unknown,Kojima Engineering,1976
Ligier JS5,france,Equipe Ligier,1976
Lotus 77,united kingdom,Team Lotus,1976
March 761,united kingdom,March Engineering,1976
McLaren M23,united kingdom,McLaren International Ltd,1976
McLaren M26,united kingdom,McLaren International Ltd,1976
Penske PC3,Unknown,Penske Cars,1976
Penske PC4,Unknown,Penske Cars,1976
Shadow DN3B,united kingdom,Shadow Racing Team,1976
Shadow DN5B,united kingdom,Shadow Racing Team,1976
Shadow DN8,united kingdom,Shadow Racing Team,1976
Surtees TS16,united kingdom,Team Surtees,1976
Surtees TS19,united kingdom,Team Surtees,1976
Tyrrell 007,united kingdom,Tyrrell,1976
Tyrrell P34,united kingdom,Tyrrell,1976
Williams FW04,united kingdom,Williams F1,1976
Wolf-Williams FW05,Unknown,Walter Wolf Racing,1976
BRM P201B/204,united kingdom,British Racing Motors,1977
BRM Stanley P207,united kingdom,British Racing Motors,1977
Brabham BT45,united kingdom,Brabham Motor Racing Developments,1977
Brabham BT45B,united kingdom,Brabham Motor Racing Developments,1977
Ensign N175,united kingdom,Team Ensign,1977
Ensign N177,united kingdom,Team Ensign,1977
Ferrari 312T2,italy,Scuderia Ferrari SpA,1977
Fittipaldi Copersucar F5,brazil,Fittipaldi Automotive,1977
Fittipaldi Copersucar FD04,brazil,Fittipaldi Automotive,1977
Hesketh 308E,united kingdom,Hesketh Racing,1977
Kojima KE009,Unknown,Kojima Engineering,1977
Ligier JS7,france,Equipe Ligier,1977
Lotus 78,united kingdom,Team Lotus,1977
March 761,united kingdom,March Engineering,1977
March 761B,united kingdom,March Engineering,1977
March 771,united kingdom,March Engineering,1977
McLaren M23,united kingdom,McLaren International Ltd,1977
McLaren M26,united kingdom,McLaren International Ltd,1977
Penske PC4,Unknown,Penske Cars,1977
Renault RS01,france,Renault F1,1977
Shadow DN5B,united kingdom,Shadow Racing Team,1977
Shadow DN8,united kingdom,Shadow Racing Team,1977
Surtees TS19,united kingdom,Team Surtees,1977
Tyrrell 007,united kingdom,Tyrrell,1977
Tyrrell P34,united kingdom,Tyrrell,1977
Williams FW04,united kingdom,Williams F1,1977
Wolf WR1 Cosworth,Unknown,Walter Wolf Racing,1977
Wolf WR2 Cosworth,Unknown,Walter Wolf Racing,1977
Wolf WR3,Unknown,Walter Wolf Racing,1977
ATS D1,germany,Auto Technisches Spezialzubehor,1978
ATS HS1,germany,Auto Technisches Spezialzubehor,1978
Arrows A1 Cosworth,united kingdom,Arrows Grand Prix International Ltd,1978
Arrows FA1 Cosworth,united kingdom,Arrows Grand Prix International Ltd,1978
Brabham BT45C,united kingdom,Brabham Motor Racing Developments,1978
Brabham BT46,united kingdom,Brabham Motor Racing Developments,1978
Brabham BT46B (46C),united kingdom,Brabham Motor Racing Developments,1978
Ensign N175,united kingdom,Team Ensign,1978
Ensign N177,united kingdom,Team Ensign,1978
Ferrari 312T2,italy,Scuderia Ferrari SpA,1978
Ferrari 312T3,italy,Scuderia Ferrari SpA,1978
Fittipaldi Copersucar F5A,brazil,Fittipaldi Automotive,1978
Hesketh 308E,united kingdom,Hesketh Racing,1978
Ligier JS7,france,Equipe Ligier,1978
Ligier JS9,france,Equipe Ligier,1978
Lotus 78,united kingdom,Team Lotus,1978
Lotus 79 Cosworth,united kingdom,Team Lotus,1978
Martini MK23,Unknown,Automobiles Martini,1978
McLaren M23,united kingdom,McLaren International Ltd,1978
McLaren M26,united kingdom,McLaren International Ltd,1978
Renault RS01,france,Renault F1,1978
Shadow DN8,united kingdom,Shadow Racing Team,1978
Shadow DN9,united kingdom,Shadow Racing Team,1978
Surtees TS19,united kingdom,Team Surtees,1978
Surtees TS20,united kingdom,Team Surtees,1978
Theodore TR1,Unknown,Theodore Racing Team,1978
Tyrrell 008,united kingdom,Tyrrell,1978
Williams FW06,united kingdom,Williams F1,1978
Wolf WR1 Cosworth,Unknown,Walter Wolf Racing,1978
Wolf WR4 Cosworth,Unknown,Walter Wolf Racing,1978
Wolf WR5,Unknown,Walter Wolf Racing,1978
Wolf WR6,Unknown,Walter Wolf Racing,1978
ATS D2,germany,Auto Technisches Spezialzubehor,1979
ATS D3,germany,Auto Technisches Spezialzubehor,1979
Alfa Romeo 177,italy,Team Alfa Romeo,1979
Alfa Romeo 179,italy,Team Alfa Romeo,1979
Arrows A1B Cosworth,united kingdom,Arrows Grand Prix International Ltd,1979
Arrows A2 Cosworth,united kingdom,Arrows Grand Prix International Ltd,1979
Brabham BT46,united kingdom,Brabham Motor Racing Developments,1979
Brabham BT48,united kingdom,Brabham Motor Racing Developments,1979
Brabham BT49,united kingdom,Brabham Motor Racing Developments,1979
Ensign N177,united kingdom,Team Ensign,1979
Ensign N179,united kingdom,Team Ensign,1979
Ferrari 312T3,italy,Scuderia Ferrari SpA,1979
Ferrari 312T4,italy,Scuderia Ferrari SpA,1979
Ferrari 312T4B,italy,Scuderia Ferrari SpA,1979
Fittipaldi Copersucar F5A,brazil,Fittipaldi Automotive,1979
Fittipaldi Copersucar F6,brazil,Fittipaldi Automotive,1979
Fittipaldi Copersucar F6A,brazil,Fittipaldi Automotive,1979
Kauhsen WK,Unknown,Willi Kauhsen Racing Team,1979
Ligier JS11,france,Equipe Ligier,1979
Lotus 79 Cosworth,united kingdom,Team Lotus,1979
Lotus 80 Cosworth,united kingdom,Team Lotus,1979
McLaren M26,united kingdom,McLaren International Ltd,1979
McLaren M28,united kingdom,McLaren International Ltd,1979
McLaren M28B,united kingdom,McLaren International Ltd,1979
McLaren M28C,united kingdom,McLaren International Ltd,1979
McLaren M29,united kingdom,McLaren International Ltd,1979
Merzario A4,Unknown,Team Merzario,1979
Rebaque HR100,Unknown,Team Rebaque,1979
Renault RS01,france,Renault F1,1979
Renault RS10,france,Renault F1,1979
Shadow DN9,united kingdom,Shadow Racing Team,1979
Tyrrell 009,united kingdom,Tyrrell,1979
Williams FW06,united kingdom,Williams F1,1979
Williams FW07,united kingdom,Williams F1,1979
Wolf WR7,Unknown,Walter Wolf Racing,1979
Wolf WR8,Unknown,Walter Wolf Racing,1979
Wolf WR9,Unknown,Walter Wolf Racing,1979
ATS D3,germany,Auto Technisches Spezialzubehor,1980
ATS D4,germany,Auto Technisches Spezialzubehor,1980
Alfa Romeo 179,italy,Team Alfa Romeo,1980
Arrows A3,united kingdom,Arrows Grand Prix International Ltd,1980
Brabham BT49,united kingdom,Brabham Motor Racing Developments,1980
Ensign N180,united kingdom,Team Ensign,1980
Ferrari 126C,italy,Scuderia Ferrari SpA,1980
Ferrari 312T5,italy,Scuderia Ferrari SpA,1980
Fittipaldi F7,brazil,Fittipaldi Automotive,1980
Fittipaldi F8,brazil,Fittipaldi Automotive,1980
Ligier JS11/15,france,Equipe Ligier,1980
Lotus 81 Cosworth,united kingdom,Team Lotus,1980
Lotus 81B Cosworth,united kingdom,Team Lotus,1980
McLaren M29B,united kingdom,McLaren International Ltd,1980
McLaren M29C,united kingdom,McLaren International Ltd,1980
McLaren M30,united kingdom,McLaren International Ltd,1980
Osella FA1,italy,Osella Squadra Corse,1980
Osella FA1B,italy,Osella Squadra Corse,1980
Renault RE20,france,Renault F1,1980
Shadow DN11,united kingdom,Shadow Racing Team,1980
Shadow DN12,united kingdom,Shadow Racing Team,1980
Tyrrell 009,united kingdom,Tyrrell,1980
Tyrrell 010,united kingdom,Tyrrell,1980
Williams FW07,united kingdom,Williams F1,1980
Williams FW07B,united kingdom,Williams F1,1980
ATS D4,germany,Auto Technisches Spezialzubehor,1981
ATS HGS-1,germany,Auto Technisches Spezialzubehor,1981
Alfa Romeo 179B,italy,Team Alfa Romeo,1981
Alfa Romeo 179C,italy,Team Alfa Romeo,1981
Arrows A3,united kingdom,Arrows Grand Prix International Ltd,1981
Arrows A3B,united kingdom,Arrows Grand Prix International Ltd,1981
Brabham BT49C,united kingdom,Brabham Motor Racing Developments,1981
Ensign N180B,united kingdom,Team Ensign,1981
Ferrari 126CK,italy,Scuderia Ferrari SpA,1981
Fittipaldi F8C Cosworth,brazil,Fittipaldi Automotive,1981
Ligier JS17,france,Equipe Ligier,1981
Lotus 81 Cosworth,united kingdom,Team Lotus,1981
Lotus 87 Cosworth,united kingdom,Team Lotus,1981
Lotus 88 Cosworth,united kingdom,Team Lotus,1981
March 811,united kingdom,March Engineering,1981
McLaren M29C,united kingdom,McLaren International Ltd,1981
McLaren M29F,united kingdom,McLaren International Ltd,1981
McLaren MP4-1,united kingdom,McLaren International Ltd,1981
Osella FA1B,italy,Osella Squadra Corse,1981
Osella FA1C,italy,Osella Squadra Corse,1981
Renault RE20B,france,Renault F1,1981
Renault RE30,france,Renault F1,1981
Theodore TY01,Unknown,Theodore Racing Team,1981
Toleman TG181,united kingdom,Toleman Motorsports,1981
Tyrrell 010,united kingdom,Tyrrell,1981
Tyrrell 011 Cosworth,united kingdom,Tyrrell,1981
Williams FW07C Cosworth,united kingdom,Williams F1,1981
ATS D5,germany,Auto Technisches Spezialzubehor,1982
Alfa Romeo 182,italy,Team Alfa Romeo,1982
Alfa Romeo 182B,italy,Team Alfa Romeo,1982
Arrows A3,united kingdom,Arrows Grand Prix International Ltd,1982
Arrows A4,united kingdom,Arrows Grand Prix International Ltd,1982
Arrows A5,united kingdom,Arrows Grand Prix International Ltd,1982
Brabham BT49D,united kingdom,Brabham Motor Racing Developments,1982
Brabham BT50,united kingdom,Brabham Motor Racing Developments,1982
Ensign N180B,united kingdom,Team Ensign,1982
Ensign N181,united kingdom,Team Ensign,1982
Ferrari 126C2,italy,Scuderia Ferrari SpA,1982
Fittipald iF8D,brazil,Fittipaldi Automotive,1982
Fittipaldi F9,brazil,Fittipaldi Automotive,1982
Ligier JS17,france,Equipe Ligier,1982
Ligier JS17B,france,Equipe Ligier,1982
Ligier JS19,france,Equipe Ligier,1982
Lotus 87B,united kingdom,Team Lotus,1982
Lotus 91 Cosworth,united kingdom,Team Lotus,1982
March 821,united kingdom,March Engineering,1982
McLaren MP4-1B,united kingdom,McLaren International Ltd,1982
Osella FA1C,italy,Osella Squadra Corse,1982
Osella FA1D,italy,Osella Squadra Corse,1982
Renault RE30B,france,Renault F1,1982
Theodore TY01,Unknown,Theodore Racing Team,1982
Toleman TG181C,united kingdom,Toleman Motorsports,1982
Toleman TG183,united kingdom,Toleman Motorsports,1982
Tyrrell 011 Cosworth,united kingdom,Tyrrell,1982
Williams FW07C Cosworth,united kingdom,Williams F1,1982
Williams FW07D Cosworth,united kingdom,Williams F1,1982
Williams FW08,united kingdom,Williams F1,1982
ATS D6,germany,Auto Technisches Spezialzubehor,1983
Alfa Romeo 183T,italy,Team Alfa Romeo,1983
Alfa Romeo 183TB,italy,Team Alfa Romeo,1983
Arrows A6 Cosworth,united kingdom,Arrows Grand Prix International Ltd,1983
Brabham BT52 BMW,united kingdom,Brabham Motor Racing Developments,1983
Brabham BT52B,united kingdom,Brabham Motor Racing Developments,1983
Ferrari 126C2B,italy,Scuderia Ferrari SpA,1983
Ferrari 126C3,italy,Scuderia Ferrari SpA,1983
Ligier JS21,france,Equipe Ligier,1983
Lotus 92,united kingdom,Team Lotus,1983
Lotus 93T,united kingdom,Team Lotus,1983
Lotus 94T,united kingdom,Team Lotus,1983
McLaren MP4-1C,united kingdom,McLaren International Ltd,1983
McLaren MP4-1E,united kingdom,McLaren International Ltd,1983
Osella FA1D,italy,Osella Squadra Corse,1983
Osella FA1E,italy,Osella Squadra Corse,1983
RAM March 01 Cosworth,united kingdom,RAM Racing,1983
Renault RE30C,france,Renault F1,1983
Renault RE40,france,Renault F1,1983
Spirit 201C,united kingdom,Spirit Racing,1983
Theodore N183,Unknown,Theodore Racing Team,1983
Toleman TG183B,united kingdom,Toleman Motorsports,1983
Tyrrell 011 Cosworth,united kingdom,Tyrrell,1983
Tyrrell 012,united kingdom,Tyrrell,1983
Williams FW08B Cosworth,united kingdom,Williams F1,1983
Williams FW08C Cosworth,united kingdom,Williams F1,1983
Williams FW09,united kingdom,Williams F1,1983
ATS D7 BMW,germany,Auto Technisches Spezialzubehor,1984
Alfa Romeo 184T,italy,Team Alfa Romeo,1984
Arrows A6 Cosworth,united kingdom,Arrows Grand Prix International Ltd,1984
Arrows A7,united kingdom,Arrows Grand Prix International Ltd,1984
Brabham BT53 BMW,united kingdom,Brabham Motor Racing Developments,1984
Ferrari 126C4,italy,Scuderia Ferrari SpA,1984
Ligier JS23,france,Equipe Ligier,1984
Ligier JS23B,france,Equipe Ligier,1984
Lotus 95T Renault,united kingdom,Team Lotus,1984
McLaren MP4-2,united kingdom,McLaren International Ltd,1984
Osella FA1E,italy,Osella Squadra Corse,1984
Osella FA1F,italy,Osella Squadra Corse,1984
RAM 01,united kingdom,RAM Racing,1984
RAM 02,united kingdom,RAM Racing,1984
Renault RE50,france,Renault F1,1984
Spirit 101 Hart,united kingdom,Spirit Racing,1984
Toleman TG183B,united kingdom,Toleman Motorsports,1984
Toleman TG184 Hart,united kingdom,Toleman Motorsports,1984
Tyrrell 012,united kingdom,Tyrrell,1984
Williams FW09,united kingdom,Williams F1,1984
Williams FW09B,united kingdom,Williams F1,1984
Alfa Romeo 184TB,italy,Team Alfa Romeo,1985
Alfa Romeo 185T,italy,Team Alfa Romeo,1985
Arrows A8 BMW,united kingdom,Arrows Grand Prix International Ltd,1985
Brabham BT54,united kingdom,Brabham Motor Racing Developments,1985
Ferrari 156/85,italy,Scuderia Ferrari SpA,1985
Ligier JS25,france,Equipe Ligier,1985
Lola Beatrice THL-1,united kingdom,Beatrice Lola,1985
Lotus 97T,united kingdom,Team Lotus,1985
McLaren MP4-2B,united kingdom,McLaren International Ltd,1985
Minardi M85,italy,Minardi Team SpA,1985
Osella FA1F,italy,Osella Squadra Corse,1985
Osella FA1G,italy,Osella Squadra Corse,1985
RAM 03,united kingdom,RAM Racing,1985
Renault RE60,france,Renault F1,1985
Renault RE60B,france,Renault F1,1985
Spirit 101D,united kingdom,Spirit Racing,1985
Toleman TG185 Hart,united kingdom,Toleman Motorsports,1985
Tyrrell 012,united kingdom,Tyrrell,1985
Tyrrell 014,united kingdom,Tyrrell,1985
Williams FW10,united kingdom,Williams F1,1985
Zakspeed 841,germany,West Zakspeed Racing,1985
AGS JH21C,france,Automobiles Gonfaronaise Sportive,1986
Arrows A8 BMW,united kingdom,Arrows Grand Prix International Ltd,1986
Arrows A9,united kingdom,Arrows Grand Prix International Ltd,1986
Benetton B186,italy,Benetton Formula Ltd,1986
Brabham BT54,united kingdom,Brabham Motor Racing Developments,1986
Brabham BT55,united kingdom,Brabham Motor Racing Developments,1986
Ferrari F1 86,italy,Scuderia Ferrari SpA,1986
Ligier JS27,france,Equipe Ligier,1986
Lola Beatrice THL 2,united kingdom,Beatrice Lola,1986
Lotus 98T,united kingdom,Team Lotus,1986
McLaren MP4-2C,united kingdom,McLaren International Ltd,1986
Minardi M85B,italy,Minardi Team SpA,1986
Minardi M86,italy,Minardi Team SpA,1986
Minardi M86B,italy,Minardi Team SpA,1986
Osella FA1F,italy,Osella Squadra Corse,1986
Osella FA1G,italy,Osella Squadra Corse,1986
Osella FA1H,italy,Osella Squadra Corse,1986
Tyrrell 014,united kingdom,Tyrrell,1986
Tyrrell 015,united kingdom,Tyrrell,1986
Williams FW11,united kingdom,Williams F1,1986
Zakspeed 861,germany,West Zakspeed Racing,1986
AGS JH22,france,Automobiles Gonfaronaise Sportive,1987
Arrows A10 Megatron,united kingdom,Arrows Grand Prix International Ltd,1987
Benetton B187,italy,Benetton Formula Ltd,1987
Brabham BT56,united kingdom,Brabham Motor Racing Developments,1987
Coloni FC187 (C1),italy,Enzo Coloni Racing Car Systems,1987
Ferrari F1 87,italy,Scuderia Ferrari SpA,1987
Larrousse LC87,france,Larrousse,1987
Ligier JS29,france,Equipe Ligier,1987
Ligier JS29B,france,Equipe Ligier,1987
Ligier JS29C,france,Equipe Ligier,1987
Lotus 99T,united kingdom,Team Lotus,1987
Leyton House March 871 Ford,united kingdom,March Engineering,1987
Leyton House March 87P Ford,united kingdom,March Engineering,1987
McLaren MP4-3,united kingdom,McLaren International Ltd,1987
Minardi M187,italy,Minardi Team SpA,1987
Osella FA1G,italy,Osella Squadra Corse,1987
Osella FA1I,italy,Osella Squadra Corse,1987
Tyrrell DG016 Ford,united kingdom,Tyrrell,1987
Williams FW11B,united kingdom,Williams F1,1987
Zakspeed 861B,germany,West Zakspeed Racing,1987
Zakspeed 871,germany,West Zakspeed Racing,1987
AGS JH23,france,Automobiles Gonfaronaise Sportive,1988
Arrows A10 Megatron,united kingdom,Arrows Grand Prix International Ltd,1988
Arrows A10B,united kingdom,Arrows Grand Prix International Ltd,1988
Benetton B188,italy,Benetton Formula Ltd,1988
Coloni FC188 (C2),italy,Enzo Coloni Racing Car Systems,1988
Dallara 3087,italy,Scuderia Italia,1988
Dallara BMS-F188,italy,Scuderia Italia,1988
Euro Brun ER-188,italy,EuroBrun Racing,1988
Ferrari F1 87-88,italy,Scuderia Ferrari SpA,1988
Larrousse LC88,france,Larrousse,1988
Ligier JS31,france,Equipe Ligier,1988
Lotus 100T,united kingdom,Team Lotus,1988
March 881,united kingdom,March Engineering,1988
McLaren MP4-4,united kingdom,McLaren International Ltd,1988
Minardi M188,italy,Minardi Team SpA,1988
Osella FA1I,italy,Osella Squadra Corse,1988
Osella FA1L,italy,Osella Squadra Corse,1988
Rial ARC01 Cosworth,germany,Rial Racing,1988
Tyrrell 017 Cosworth,united kingdom,Tyrrell,1988
Williams FW12,united kingdom,Williams F1,1988
Zakspeed 881,germany,West Zakspeed Racing,1988
AGS JH23B,france,Automobiles Gonfaronaise Sportive,1989
Arrows A11,united kingdom,Arrows Grand Prix International Ltd,1989
Benetton B188,italy,Benetton Formula Ltd,1989
Benetton B189,italy,Benetton Formula Ltd,1989
Brabham BT58,united kingdom,Brabham Motor Racing Developments,1989
Coloni FC188B (C2B),italy,Enzo Coloni Racing Car Systems,1989
Coloni FC188C (C2C),italy,Enzo Coloni Racing Car Systems,1989
Coloni FC189 (C3),italy,Enzo Coloni Racing Car Systems,1989
Dallara BMS-F189,italy,Scuderia Italia,1989
Euro Brun ER-188B,italy,EuroBrun Racing,1989
Ferrari F1 89,italy,Scuderia Ferrari SpA,1989
Larrousse LC88B,france,Larrousse,1989
Larrousse LC89,france,Larrousse,1989
Ligier JS33,france,Equipe Ligier,1989
Lotus 101,united kingdom,Team Lotus,1989
March 881,united kingdom,March Engineering,1989
March CG-891,united kingdom,March Engineering,1989
McLaren MP4-5,united kingdom,McLaren International Ltd,1989
Minardi M188B,italy,Minardi Team SpA,1989
Minardi M189,italy,Minardi Team SpA,1989
Onyx ORE-1,united kingdom,Moneytron Onyx,1989
Osella FA1M89,italy,Osella Squadra Corse,1989
Rial ARC02 Cosworth,germany,Rial Racing,1989
Tyrrell 017B Cosworth,united kingdom,Tyrrell,1989
Tyrrell 018,united kingdom,Tyrrell,1989
Williams FW12C,united kingdom,Williams F1,1989
Williams FW13,united kingdom,Williams F1,1989
Zakspeed 891,germany,West Zakspeed Racing,1989
AGS JH25 Cosworth,france,Automobiles Gonfaronaise Sportive,1990
Arrows A11,united kingdom,Arrows Grand Prix International Ltd,1990
Arrows A11B,united kingdom,Arrows Grand Prix International Ltd,1990
Benetton B189B,italy,Benetton Formula Ltd,1990
Benetton B190,italy,Benetton Formula Ltd,1990
Brabham BT58,united kingdom,Brabham Motor Racing Developments,1990
Brabham BT59,united kingdom,Brabham Motor Racing Developments,1990
Coloni C3B,italy,Enzo Coloni Racing Car Systems,1990
Coloni C3C,italy,Enzo Coloni Racing Car Systems,1990
Dallara BMS-F190,italy,Scuderia Italia,1990
Euro Brun ER-189B,italy,EuroBrun Racing,1990
Ferrari 641 F1 90,italy,Scuderia Ferrari SpA,1990
Larrousse 90,france,Larrousse,1990
Larrousse LC 89B,france,Larrousse,1990
Leyton House CG901,united kingdom,Leyton House Racing,1990
Life F190,Unknown,Life Racing Engines,1990
Ligier JS33B,france,Equipe Ligier,1990
Ligier JS33C,france,Equipe Ligier,1990
Lotus 102,united kingdom,Team Lotus,1990
March CG901,united kingdom,March Engineering,1990
McLaren MP4-5B,united kingdom,McLaren International Ltd,1990
Minardi M189,italy,Minardi Team SpA,1990
Minardi M190,italy,Minardi Team SpA,1990
Onyx ORE-1,united kingdom,Moneytron Onyx,1990
Onyx ORE-2,united kingdom,Moneytron Onyx,1990
Osella FA1M89,italy,Osella Squadra Corse,1990
Osella FA1ME,italy,Osella Squadra Corse,1990
Tyrrell 018,united kingdom,Tyrrell,1990
Tyrrell 019,united kingdom,Tyrrell,1990
Williams FW13B Renault,united kingdom,Williams F1,1990
AGS JH25B Cosworth,france,Automobiles Gonfaronaise Sportive,1991
AGS JH27 Cosworth,france,Automobiles Gonfaronaise Sportive,1991
Benetton B190B,italy,Benetton Formula Ltd,1991
Benetton Ford B191,italy,Benetton Formula Ltd,1991
Brabham BT59Y,united kingdom,Brabham Motor Racing Developments,1991
Brabham BT60Y,united kingdom,Brabham Motor Racing Developments,1991
Coloni C4 Ford,italy,Enzo Coloni Racing Car Systems,1991
Dallara BMS-F191 Judd,italy,Scuderia Italia,1991
Ferrari 642 F1 91,italy,Scuderia Ferrari SpA,1991
Ferrari 643 F1 91,italy,Scuderia Ferrari SpA,1991
Fondmetal FA1ME,italy,Fondmetal SpA,1991
Fondmetal Fomet-1,italy,Fondmetal SpA,1991
Footwork A11C,united kingdom,Arrows Grand Prix International Ltd,1991
Footwork FA12 Porsche,united kingdom,Arrows Grand Prix International Ltd,1991
Footwork FA12C Hart,united kingdom,Arrows Grand Prix International Ltd,1991
Jordan 191,united kingdom,Jordan Grand Prix Ltd,1991
Lambo 291,italy,Modena Team SpA (Lamborghini),1991
Larrousse 91,france,Larrousse,1991
Leyton House CG911,united kingdom,Leyton House Racing,1991
Ligier JS35,france,Equipe Ligier,1991
Ligier JS35B,france,Equipe Ligier,1991
Lotus 102B,united kingdom,Team Lotus,1991
McLaren MP4-6 Honda,united kingdom,McLaren International Ltd,1991
Minardi M191,italy,Minardi Team SpA,1991
Tyrrell 020,united kingdom,Tyrrell,1991
Williams FW14,united kingdom,Williams F1,1991
Andrea Moda C4B Judd,italy,Andrea Moda Formula,1992
Andrea Moda S921 Judd,italy,Andrea Moda Formula,1992
Benetton B191B,italy,Benetton Formula Ltd,1992
Benetton B192,italy,Benetton Formula Ltd,1992
Brabham BT60B,united kingdom,Brabham Motor Racing Developments,1992
Dallara BMS-F192,italy,Scuderia Italia,1992
Ferrari F92A,italy,Scuderia Ferrari SpA,1992
Ferrari F92AT,italy,Scuderia Ferrari SpA,1992
Fondmetal GR01 Ford,italy,Fondmetal SpA,1992
Fondmetal GR02,italy,Fondmetal SpA,1992
Footwork FA13,united kingdom,Arrows Grand Prix International Ltd,1992
Jordan 192,united kingdom,Jordan Grand Prix Ltd,1992
Ligier JS37 Renault,france,Equipe Ligier,1992
Lotus 102C Isuzu,united kingdom,Team Lotus,1992
Lotus 102D Ford,united kingdom,Team Lotus,1992
Lotus 107,united kingdom,Team Lotus,1992
March CG911,united kingdom,March Engineering,1992
McLaren MP4-6B Honda,united kingdom,McLaren International Ltd,1992
McLaren MP4-7A Honda,united kingdom,McLaren International Ltd,1992
Minardi M191B,italy,Minardi Team SpA,1992
Minardi M191L,italy,Minardi Team SpA,1992
Minardi M192,italy,Minardi Team SpA,1992
Tyrrell 020B,united kingdom,Tyrrell,1992
Venturi LC92,france,Larrousse,1992
Williams FW14B Renault,united kingdom,Williams F1,1992
Benetton B193A,italy,Benetton Formula Ltd,1993
Benetton B193B,italy,Benetton Formula Ltd,1993
Ferrari F93A,italy,Scuderia Ferrari SpA,1993
Footwork FA13B,united kingdom,Arrows Grand Prix International Ltd,1993
Footwork FA14,united kingdom,Arrows Grand Prix International Ltd,1993
Jordan 193 Hart,united kingdom,Jordan Grand Prix Ltd,1993
Larrousse LH93,france,Larrousse,1993
Ligier JS39 Renault,france,Equipe Ligier,1993
Lola T93-30,italy,Scuderia Italia,1993
Lotus 107B,united kingdom,Team Lotus,1993
McLaren MP4-8 Ford,united kingdom,McLaren International Ltd,1993
Minardi M193,italy,Minardi Team SpA,1993
Sauber C12,switzerland,Sauber F1 Team,1993
Tyrrell 020C,united kingdom,Tyrrell,1993
Tyrrell 021,united kingdom,Tyrrell,1993
Williams FW15C Renault,united kingdom,Williams F1,1993
Benetton B194,italy,Benetton Formula Ltd,1994
Benetton B194B,italy,Benetton Formula Ltd,1994
Ferrari 412T1,italy,Scuderia Ferrari SpA,1994
Ferrari 412T1B,italy,Scuderia Ferrari SpA,1994
Footwork FA15 Cosworth,united kingdom,Arrows Grand Prix International Ltd,1994
Jordan 194 Hart,united kingdom,Jordan Grand Prix Ltd,1994
Larrousse LH94 Ford,france,Larrousse,1994
Ligier JS39B Renault,france,Equipe Ligier,1994
Lotus 107C,united kingdom,Team Lotus,1994
Lotus 109,united kingdom,Team Lotus,1994
McLaren MP4-9,united kingdom,McLaren International Ltd,1994
Minardi M193B Ford,italy,Minardi Team SpA,1994
Minardi M194 Ford,italy,Minardi Team SpA,1994
Pacific PR01 Ilmor,united kingdom,Pacific Grand Prix,1994
Sauber C13,switzerland,Sauber F1 Team,1994
Simtek S941 Ford,Unknown,MTV Simtek,1994
Tyrrell 022 Yamaha,united kingdom,Tyrrell,1994
Williams FW16,united kingdom,Williams F1,1994
Williams FW16B,united kingdom,Williams F1,1994
Benetton B195 Renault,italy,Benetton Formula Ltd,1995
Ferrari 412T2,italy,Scuderia Ferrari SpA,1995
Footwork FA16,united kingdom,Arrows Grand Prix International Ltd,1995
Forti FG01,Unknown,Forti Grand Prix Racing,1995
Jordan 195,united kingdom,Jordan Grand Prix Ltd,1995
Ligier JS41,france,Equipe Ligier,1995
McLaren MP4-10 Mercedes-Benz,united kingdom,McLaren International Ltd,1995
McLaren MP4-10B,united kingdom,McLaren International Ltd,1995
McLaren MP4-10C,united kingdom,McLaren International Ltd,1995
Minardi M195,italy,Minardi Team SpA,1995
Pacific PR02 Ford,united kingdom,Pacific Grand Prix,1995
Sauber C14,switzerland,Sauber F1 Team,1995
Simtek S951,Unknown,MTV Simtek,1995
Tyrrell 023 Yamaha,united kingdom,Tyrrell,1995
Williams FW17,united kingdom,Williams F1,1995
Williams FW17B,united kingdom,Williams F1,1995
Benetton Renault B196,italy,Benetton Formula Ltd,1996
Ferrari F310,italy,Scuderia Ferrari SpA,1996
Footwork Hart FA17,united kingdom,Arrows Grand Prix International Ltd,1996
Forti FG01B Ford,Unknown,Forti Grand Prix Racing,1996
Forti FG03,Unknown,Forti Grand Prix Racing,1996
Jordan 196 Peugeot,united kingdom,Jordan Grand Prix Ltd,1996
Ligier JS43 Mugen-Honda,france,Equipe Ligier,1996
McLaren Mercedes MP4-11,united kingdom,McLaren International Ltd,1996
Minardi Ford M195B,italy,Minardi Team SpA,1996
Minardi M196,italy,Minardi Team SpA,1996
Sauber C15 Ford,switzerland,Sauber F1 Team,1996
Tyrrell 024 Yamaha,united kingdom,Tyrrell,1996
Williams FW18 Renault,united kingdom,Williams F1,1996
Arrows A18 Yamaha,united kingdom,Arrows Grand Prix International Ltd,1997
Benetton B197,italy,Benetton Formula Ltd,1997
Ferrari F310B,italy,Scuderia Ferrari SpA,1997
Jordan 197,united kingdom,Jordan Grand Prix Ltd,1997
Lola T97/30 Ford,italy,Lola,1997
McLaren MP4-12,united kingdom,McLaren International Ltd,1997
Minardi M197,italy,Minardi Team SpA,1997
Prost JS45 Mugen Honda,france,Prost Grand Prix,1997
Sauber C16,switzerland,Sauber F1 Team,1997
Stewart SF1,united kingdom,Stewart Grand Prix,1997
Tyrrell 025 Cosworth,united kingdom,Tyrrell,1997
Williams FW19 Renault,united kingdom,Williams F1,1997
Arrows A19,united kingdom,Arrows Grand Prix International Ltd,1998
Benetton B198 Playlife,italy,Benetton Formula Ltd,1998
Ferrari F300,italy,Scuderia Ferrari SpA,1998
Jordan 198,united kingdom,Jordan Grand Prix Ltd,1998
McLaren MP4-13 Mercedes,united kingdom,McLaren International Ltd,1998
Minardi M198,italy,Minardi Team SpA,1998
Prost AP01,france,Prost Grand Prix,1998
Prost AP01B,france,Prost Grand Prix,1998
Sauber C17 Petronas,switzerland,Sauber F1 Team,1998
Stewart SF2 Ford,united kingdom,Stewart Grand Prix,1998
Tyrrell 026 Ford,united kingdom,Tyrrell,1998
Williams FW20 Mecachrome,united kingdom,Williams F1,1998
Arrows A20,united kingdom,Arrows Grand Prix International Ltd,1999
BAR Supertec 001,united kingdom,B.A.R Honda F1,1999
Benetton Supertec B199,italy,Benetton Formula Ltd,1999
Ferrari F399,italy,Scuderia Ferrari SpA,1999
Jordan Mugen-Honda EJ9,united kingdom,Jordan Grand Prix Ltd,1999
McLaren Mercedes MP4-14,united kingdom,McLaren International Ltd,1999
Minardi Ford M01,italy,Minardi Team SpA,1999
Prost Peugeot AP02,france,Prost Grand Prix,1999
Sauber Petronas C18,switzerland,Sauber F1 Team,1999
Stewart Ford SF3,united kingdom,Stewart Grand Prix,1999
Williams Supertec FW21,united kingdom,Williams F1,1999
Arrows A21 Supertec,united kingdom,Arrows Grand Prix International Ltd,2000
BAR 002 Honda,united kingdom,B.A.R Honda F1,2000
Benetton B200 Playlife,italy,Benetton Formula Ltd,2000
Ferrari F1-2000,italy,Scuderia Ferrari SpA,2000
Jaguar R1,united kingdom,Jaguar Racing Ltd,2000
Jordan EJ10,united kingdom,Jordan Grand Prix Ltd,2000
Jordan EJ10B,united kingdom,Jordan Grand Prix Ltd,2000
McLaren MP4-15 Mercedes,united kingdom,McLaren International Ltd,2000
Minardi M02,italy,Minardi Team SpA,2000
Prost AP03 Peugeot,france,Prost Grand Prix,2000
Sauber C19 Petronas,switzerland,Sauber F1 Team,2000
BMW WilliamsF1 FW22,united kingdom,Williams F1,2000
Arrows A22 Asiatech,united kingdom,Arrows Grand Prix International Ltd,2001
BAR 003 Honda,united kingdom,B.A.R Honda F1,2001
Benetton B201 Renault,italy,Benetton Formula Ltd,2001
Ferrari F2001,italy,Scuderia Ferrari SpA,2001
Jaguar R2,united kingdom,Jaguar Racing Ltd,2001
Jordan EJ11 Honda,united kingdom,Jordan Grand Prix Ltd,2001
McLaren MP4-16 Mercedes,united kingdom,McLaren International Ltd,2001
Minardi PS01,italy,Minardi Team SpA,2001
Prost AP04 Acer,france,Prost Grand Prix,2001
Sauber C20 Petronas,switzerland,Sauber F1 Team,2001
Toyota TF101,japan,Toyota Motorsports GmbH,2001
Williams FW23 BMW,united kingdom,Williams F1,2001
Arrows A23 Cosworth,united kingdom,Arrows Grand Prix International Ltd,2002
BAR 004,united kingdom,B.A.R Honda F1,2002
Ferrari F2001,italy,Scuderia Ferrari SpA,2002
Ferrari F2002,italy,Scuderia Ferrari SpA,2002
Jaguar R3,united kingdom,Jaguar Racing Ltd,2002
Jordan Honda EJ12,united kingdom,Jordan Grand Prix Ltd,2002
McLaren MP4-17,united kingdom,McLaren International Ltd,2002
Minardi Asiatech PS02,italy,Minardi Team SpA,2002
Renault R202,france,Renault F1,2002
Sauber C21,switzerland,Sauber F1 Team,2002
Toyota TF102,japan,Toyota Motorsports GmbH,2002
Williams FW24 BMW,united kingdom,Williams F1,2002
BAR 005 Honda,united kingdom,B.A.R Honda F1,2003
Ferrari F2002,italy,Scuderia Ferrari SpA,2003
Ferrari F2003-GA,italy,Scuderia Ferrari SpA,2003
Jaguar R4,united kingdom,Jaguar Racing Ltd,2003
Jordan EJ13 Ford,united kingdom,Jordan Grand Prix Ltd,2003
McLaren MP4-17D,united kingdom,McLaren International Ltd,2003
McLaren MP4-18 Mercedes,united kingdom,McLaren International Ltd,2003
Minardi PS03 Cosworth,italy,Minardi Team SpA,2003
Renault R23,france,Renault F1,2003
Renault R23B,france,Renault F1,2003
Sauber C22,switzerland,Sauber F1 Team,2003
Toyota TF103,japan,Toyota Motorsports GmbH,2003
Williams FW25,united kingdom,Williams F1,2003
BAR 006 Honda,united kingdom,B.A.R Honda F1,2004
Ferrari F2004,italy,Scuderia Ferrari SpA,2004
Jaguar R5 Cosworth,united kingdom,Jaguar Racing Ltd,2004
Jordan EJ14,united kingdom,Jordan Grand Prix Ltd,2004
McLaren MP4-19 Mercedes,united kingdom,McLaren International Ltd,2004
McLaren MP4-19B Mercedes,united kingdom,McLaren International Ltd,2004
Minardi PS04,italy,Minardi Team SpA,2004
Renault R24,france,Renault F1,2004
Renault R24B,france,Renault F1,2004
Sauber C23 Petronas,switzerland,Sauber F1 Team,2004
Toyota TF104,japan,Toyota Motorsports GmbH,2004
Toyota TF104B,japan,Toyota Motorsports GmbH,2004
BMW Williams FW26,united kingdom,Williams F1,2004
B.A.R Honda 007,united kingdom,B.A.R Honda F1,2005
Ferrari F2004M,italy,Scuderia Ferrari SpA,2005
Ferrari F2005,italy,Scuderia Ferrari SpA,2005
Jordan EJ15 Toyota,united kingdom,Jordan Grand Prix Ltd,2005
Jordan EJ15B Toyota,united kingdom,Jordan Grand Prix Ltd,2005
McLaren MP4-20 Mercedes,united kingdom,McLaren International Ltd,2005
Minardi PS05 Cosworth,italy,Minardi Team SpA,2005
Red Bull RB1 Cosworth,united kingdom,Red Bull Racing,2005
Renault R25,france,Renault F1,2005
Sauber C24 Petronas,switzerland,Sauber F1 Team,2005
Toyota TF105,japan,Toyota Motorsports GmbH,2005
Toyota TF105B,japan,Toyota Motorsports GmbH,2005
Williams FW27,united kingdom,Williams F1,2005
BMW Sauber F1.06,switzerland,BMW Sauber F1,2006
Ferrari 248 F1,italy,Scuderia Ferrari SpA,2006
Honda RA106,japan,Honda Racing F1,2006
McLaren Mercedes MP4-21,united kingdom,McLaren International Ltd,2006
Midland Toyota M16,russian federation,Midland F1,2006
Red Bull RB2 Ferrari,united kingdom,Red Bull Racing,2006
Renault R26,france,Renault F1,2006
Scuderia Toro Rosso STR1 Cosworth,italy,Scuderia Toro Rosso,2006
Spyker MF1 Toyota M16,netherlands,Spyker F1 Team,2006
Super Aguri SA05,japan,Super Aguri F1,2006
Super Aguri SA06,japan,Super Aguri F1,2006
Toyota TF106,japan,Toyota Motorsports GmbH,2006
Toyota TF106B,japan,Toyota Motorsports GmbH,2006
Williams FW28 Cosworth,united kingdom,Williams F1,2006
Williams FW28B Toyota,united kingdom,Williams F1,2006
BMW Sauber F1.07,switzerland,BMW Sauber F1,2007
Ferrari F2007,italy,Scuderia Ferrari SpA,2007
Honda RA107,japan,Honda Racing F1,2007
McLaren MP4-22 Mercedes,united kingdom,McLaren International Ltd,2007
Red Bull RB3 Renault,united kingdom,Red Bull Racing,2007
Renault R27,france,Renault F1,2007
Scuderia Toro Rosso STR2 Ferrari,italy,Scuderia Toro Rosso,2007
Spyker F8-VII Ferrari,netherlands,Spyker F1 Team,2007
Super Aguri Honda SA07,japan,Super Aguri F1,2007
Toyota TF107,japan,Toyota Motorsports GmbH,2007
Williams FW28B Toyota,united kingdom,Williams F1,2007
Williams FW29 Toyota,united kingdom,Williams F1,2007
BMW Sauber F1.08,switzerland,BMW Sauber F1,2008
BMW Sauber F1.08B,switzerland,BMW Sauber F1,2008
Ferrari F2008,italy,Scuderia Ferrari SpA,2008
Ferrari F2008K,italy,Scuderia Ferrari SpA,2008
Force India F1 VJM01 Ferrari,india,Force India F1,2008
Honda RA108,japan,Honda Racing F1,2008
McLaren MP4-23 Mercedes,united kingdom,McLaren International Ltd,2008
McLaren MP4-23K Mercedes,united kingdom,McLaren International Ltd,2008
Red Bull RB4 Renault,united kingdom,Red Bull Racing,2008
ING Renault R28,france,Renault F1,2008
Scuderia Toro Rosso STR2B Ferrari,italy,Scuderia Toro Rosso,2008
Scuderia Toro Rosso STR3 Ferrari,italy,Scuderia Toro Rosso,2008
Super Aguri SA08A Honda,japan,Super Aguri F1,2008
Toyota TF108,japan,Toyota Motorsports GmbH,2008
Williams FW30 Toyota,united kingdom,Williams F1,2008
BMW Sauber F1.09,switzerland,BMW Sauber F1,2009
Brawn BGP001 Mercedes,united kingdom,Brawn GP,2009
Ferrari F60,italy,Scuderia Ferrari SpA,2009
Force India F1 VJM02 Mercedes,india,Force India F1,2009
McLaren MP4-24 Mercedes,united kingdom,McLaren International Ltd,2009
Red Bull RB5 Renault,united kingdom,Red Bull Racing,2009
ING Renault R29,france,Renault F1,2009
Scuderia Toro Rosso STR4 Ferrari,italy,Scuderia Toro Rosso,2009
Toyota TF109,japan,Toyota Motorsports GmbH,2009
Williams FW31 Toyota,united kingdom,Williams F1,2009
BMW Sauber C29 Ferrari,switzerland,BMW Sauber F1,2010
Ferrari F10,italy,Scuderia Ferrari SpA,2010
Force India F1 VJM03 Mercedes,india,Force India F1,2010
HRT F110 Cosworth,spain,HRT F1 Team,2010
Lotus T127 Cosworth,malaysia,Caterham F1,2010
McLaren MP4/25 Mercedes ,united kingdom,McLaren International Ltd,2010
Mercedes GP W01,germany,Mercedes AMG F1,2010
Red Bull RB6 Renault ,united kingdom,Red Bull Racing,2010
Renault R30,france,Renault F1,2010
Scuderia Toro Rosso STR5 Ferrari,italy,Scuderia Toro Rosso,2010
Toyota TF110,japan,Toyota Motorsports GmbH,2010
Virgin Racing VR-01 Cosworth ,united kingdom,Marussia F1 Team,2010
Williams FW32 Cosworth,united kingdom,Williams F1,2010
Ferrari F150,italy,Scuderia Ferrari SpA,2011
Force India F1 VJM04 Mercedes,india,Force India F1,2011
HRT F111 Cosworth,spain,HRT F1 Team,2011
Lotus Renault R31,united kingdom,Lotus F1 Team,2011
McLaren Mercedes MP4-26,united kingdom,McLaren International Ltd,2011
Mercedes GP W02,germany,Mercedes AMG F1,2011
Red Bull RB7 Renault,united kingdom,Red Bull Racing,2011
Sauber C30 Ferrari,switzerland,Sauber F1 Team,2011
Scuderia Toro Rosso STR6 Ferrari,italy,Scuderia Toro Rosso,2011
Team Lotus T128 Renault,malaysia,Caterham F1,2011
Marussia Virgin Racing MVR-02 Cosworth,united kingdom,Marussia F1 Team,2011
Williams FW33 Cosworth,united kingdom,Williams F1,2011
Caterham CT01 Renault,malaysia,Caterham F1,2012
Ferrari F2012,italy,Scuderia Ferrari SpA,2012
HRT F112 Cosworth,spain,HRT F1 Team,2012
Lotus E20 Renault,united kingdom,Lotus F1 Team,2012
Marussia MR01 Cosworth,united kingdom,Marussia F1 Team,2012
McLaren MP4-27 Mercedes,united kingdom,McLaren International Ltd,2012
Mercedes AMG F1 W03,germany,Mercedes AMG F1,2012
Red Bull RB8 Renault,united kingdom,Red Bull Racing,2012
Sahara Force India VJM05 Mercedes,india,Force India F1,2012
Sauber C31 Ferrari,switzerland,Sauber F1 Team,2012
Scuderia Toro Rosso STR7 Ferrari,italy,Scuderia Toro Rosso,2012
Williams FW34 Renault,united kingdom,Williams F1,2012
Caterham CT03 Renault,malaysia,Caterham F1,2013
Ferrari F138,italy,Scuderia Ferrari SpA,2013
Lotus E21 Renault,united kingdom,Lotus F1 Team,2013
Marussia MR02 Cosworth,united kingdom,Marussia F1 Team,2013
McLaren MP4-28 Mercedes,united kingdom,McLaren International Ltd,2013
Mercedes AMG F1 W04,germany,Mercedes AMG F1,2013
Infiniti Red Bull RB9 Renault,united kingdom,Red Bull Racing,2013
Sahara Force India VJM06 Mercedes,india,Force India F1,2013
Sauber C32 Ferrari,switzerland,Sauber F1 Team,2013
Scuderia Toro Rosso STR8 Ferrari,italy,Scuderia Toro Rosso,2013
Williams FW35 Renault,united kingdom,Williams F1,2013
Caterham CT05 Renault,malaysia,Caterham F1,2014
Ferrari F14 T,italy,Scuderia Ferrari SpA,2014
Lotus E22 Renault,united kingdom,Lotus F1 Team,2014
Marussia MR03 Ferrari,united kingdom,Marussia F1 Team,2014
McLaren MP4-29 Mercedes,united kingdom,McLaren International Ltd,2014
Mercedes AMG F1 W05 Hybrid,germany,Mercedes AMG F1,2014
Infiniti Red Bull RB10 Renault,united kingdom,Red Bull Racing,2014
Sahara Force India VJM07 Mercedes,india,Force India F1,2014
Sauber C33 Ferrari,switzerland,Sauber F1 Team,2014
Scuderia Toro Rosso STR9 Renault,italy,Scuderia Toro Rosso,2014
Williams FW36 Mercedes,united kingdom,Williams F1,2014
Ferrari SF15-T,italy,Scuderia Ferrari SpA,2015
Lotus E23 Hybrid Mercedes,united kingdom,Lotus F1 Team,2015
Manor Marussia MR03B Ferrari,united kingdom,Manor Motorsport,2015
McLaren MP4-30 Honda,united kingdom,McLaren International Ltd,2015
Mercedes AMG F1 W06 Hybrid,germany,Mercedes AMG F1,2015
Ininiti Red Bull RB11 Renault,united kingdom,Red Bull Racing,2015
Sahara Force India VJM08 Mercedes,india,Force India F1,2015
Sahara Force India VJM08B Mercedes,india,Force India F1,2015
Sauber C34 Ferrari,switzerland,Sauber F1 Team,2015
Scuderia Toro Rosso STR10 Renault,italy,Scuderia Toro Rosso,2015
Williams FW37 Mercedes,united kingdom,Williams F1,2015
Ferrari SF16-H,italy,Scuderia Ferrari SpA,2016
Haas VF-16 Ferrari,united states,Haas F1 Team,2016
Manor MRT05 Mercedes,united kingdom,Manor Motorsport,2016
McLaren MP4-31 Honda,united kingdom,McLaren International Ltd,2016
Mercedes AMG F1 W07 Hybrid,germany,Mercedes AMG F1,2016
Red Bull RB12 TAG-Heuer,united kingdom,Red Bull Racing,2016
Renault Sport R.S.16,france,Renault F1,2016
Sahara Force India VJM09 Mercedes,india,Force India F1,2016
Sauber C35 Ferrari,switzerland,Sauber F1 Team,2016
Scuderia Toro Rosso STR11 Ferrari,italy,Scuderia Toro Rosso,2016
Williams FW38 Mercedes,united kingdom,Williams F1,2016
Ferrari SF70H,italy,Scuderia Ferrari SpA,2017
Haas VF-17 Ferrari,united states,Haas F1 Team,2017
Manor MRT06,united kingdom,Manor Motorsport,2017
McLaren MCL32 Honda,united kingdom,McLaren International Ltd,2017
Mercedes AMG F1 W08 EQ Power+,germany,Mercedes AMG F1,2017
Red Bull RB13 TAG-Heuer,united kingdom,Red Bull Racing,2017
Renault Sport R.S.17,france,Renault F1,2017
Sahara Force India VJM10 Mercedes,india,Force India F1,2017
Sauber C36 Ferrari,switzerland,Sauber F1 Team,2017
Scuderia Toro Rosso STR12 Renault,italy,Scuderia Toro Rosso,2017
Williams FW40 Mercedes,united kingdom,Williams F1,2017
Ferrari SF71H,italy,Scuderia Ferrari SpA,2018
Force India VJM11 Mercedes,india,Force India F1,2018
Haas VF-18 Ferrari,united states,Haas F1 Team,2018
McLaren MCL33 Renault,united kingdom,McLaren International Ltd,2018
Mercedes AMG F1 W09 EQ Power+,germany,Mercedes AMG F1,2018
Aston Martin Red Bull RB14 TAG-Heuer,united kingdom,Red Bull Racing,2018
Renault Sport R.S.18,france,Renault F1,2018
Alfa Romeo Sauber C37 Ferrari,switzerland,Sauber F1 Team,2018
Toro Rosso STR13 Honda,italy,Scuderia Toro Rosso,2018
Williams FW41 Mercedes,united kingdom,Williams F1,2018
Alfa Romeo C38 Ferrari,switzerland,Sauber F1 Team,2019
Ferrari SF90,italy,Scuderia Ferrari SpA,2019
Haas VF-19 Ferrari,united states,Haas F1 Team,2019
McLaren MCL34 Renault,united kingdom,McLaren International Ltd,2019
Mercedes AMG F1 W10 EQ Power+,germany,Mercedes AMG F1,2019
Racing Point RP19 Mercedes,united kingdom,Racing Point F1 Team,2019
Aston Martin Red Bull RB15 Honda,united kingdom,Red Bull Racing,2019
Renault Sport R.S.19,france,Renault F1,2019
Toro Rosso STR14 Honda,italy,Scuderia Toro Rosso,2019
Williams FW42 Mercedes,united kingdom,Williams F1,2019
Alfa Romeo C39 Ferrari,switzerland,Sauber F1 Team,2020
AlphaTauri AT01 Honda,italy,Scuderia Toro Rosso,2020
Ferrari SF1000,italy,Scuderia Ferrari SpA,2020
Haas VF-20 Ferrari,united states,Haas F1 Team,2020
McLaren MCL35 Renault,united kingdom,McLaren International Ltd,2020
Mercedes AMG F1 W11 EQ Performance,germany,Mercedes AMG F1,2020
BWT Racing Point RP20 Mercedes,united kingdom,Racing Point F1 Team,2020
Aston Martin Red Bull RB16 Honda,united kingdom,Red Bull Racing,2020
Renault Sport R.S.20,france,Renault F1,2020
Williams FW43 Mercedes,united kingdom,Williams F1,2020
Alfa Romeo C41 Ferrari,switzerland,Sauber F1 Team,2021
AlphaTauri AT02 Honda,italy,Scuderia Toro Rosso,2021
Alpine A521 Renault,france,Alpine F1 Team,2021
Aston Martin AMR21 Mercedes,united kingdom,Aston Martin,2021
Ferrari SF21,italy,Scuderia Ferrari SpA,2021
Haas VF-21 Ferrari,united states,Haas F1 Team,2021
McLaren MCL35M Mercedes,united kingdom,McLaren International Ltd,2021
Mercedes F1 W12 E Performance,germany,Mercedes AMG F1,2021
Red Bull RB16B Honda,united kingdom,Red Bull Racing,2021
Williams FW43B Mercedes,united kingdom,Williams F1,2021
Alfa Romeo C42 Ferrari,switzerland,Sauber F1 Team,2022
AlphaTauri AT03 RBPT,italy,Scuderia Toro Rosso,2022
Alpine A522 Renault,france,Alpine F1 Team,2022
Aston Martin AMR22 Mercedes,united kingdom,Aston Martin,2022
Ferrari F1-75,italy,Scuderia Ferrari SpA,2022
Haas VF-22 Ferrari,united states,Haas F1 Team,2022
McLaren MCL36 Mercedes,united kingdom,McLaren International Ltd,2022
Mercedes F1 W13 E Performance,germany,Mercedes AMG F1,2022
Red Bull RB18 RBPT,united kingdom,Red Bull Racing,2022
Williams FW44 Mercedes,united kingdom,Williams F1,2022
